{
  "build": {
    "beforeDevCommand": "npm --prefix ../frontend run dev",
    "beforeBuildCommand": "npm --prefix ../frontend run build",
    "devPath": "http://localhost:5173",
    "distDir": "../frontend/dist"
  },
  "package": {
    "productName": "ExamMentor",
    "version": "0.1.0"
  },
  "tauri": {
    "windows": [
      {
        "title": "ExamMentor",
        "width": 1200,
        "height": 800,
        "resizable": true
      }
    ],
    "security": {
      "csp": null
    },
    "bundle": {
      "active": true,
      "identifier": "com.exammentor.app",
      "targets": "all"
    }
  }
}
